"","Year","Chl_0_E","Chl_50_E","Chl_0_P","Chl_50_P","Chl_0_J","Chl_50_J","Chl_0_S","Chl_50_S","Chl_100_S","Chl_200_S","Chl_300_S","Chl_0_A","Chl_50_A","Chl_100_A","Chl_200_A","Chl_300_A","Nppv_0_E","Nppv_50_E","Nppv_0_P","Nppv_50_P","Nppv_0_J","Nppv_50_J","Nppv_0_S","Nppv_50_S","Nppv_100_S","Nppv_200_S","Nppv_300_S","Nppv_0_A","Nppv_50_A","Nppv_100_A","Nppv_200_A","Nppv_300_A","O2_0_E","O2_50_E","O2_0_P","O2_50_P","O2_0_J","O2_50_J","O2_0_S","O2_50_S","O2_100_S","O2_200_S","O2_300_S","O2_0_A","O2_50_A","O2_100_A","O2_200_A","O2_300_A","SSH_E","MLD_E","SSH_P","MLD_P","SSH_J","MLD_J","SSH_S","MLD_S","SSH_A","MLD_A","Temp_0_E","Temp_50_E","PFSSTA_1","Temp_0_P","Temp_50_P","PFSSTA_2","Temp_0_J","Temp_50_J","PFSSTA_3","Temp_0_S","Temp_50_S","Temp_100_S","Temp_200_S","Temp_300_S","PFSSTA_4","Temp_0_A","Temp_50_A","Temp_100_A","Temp_200_A","Temp_300_A","PFSSTA_5","ONI_E","PDO_E","AMO_E","DMI_E","ONI_P","PDO_P","AMO_P","DMI_P","ONI_J","PDO_J","AMO_J","DMI_J","ONI_S","PDO_S","AMO_S","DMI_S","ONI_A","PDO_A","AMO_A","DMI_A","Chl_0_E_lag","Chl_50_E_lag","Chl_0_P_lag","Chl_50_P_lag","Chl_0_J_lag","Chl_50_J_lag","Chl_0_S_lag","Chl_50_S_lag","Chl_100_S_lag","Chl_200_S_lag","Chl_300_S_lag","Chl_0_A_lag","Chl_50_A_lag","Chl_100_A_lag","Chl_200_A_lag","Chl_300_A_lag","Nppv_0_E_lag","Nppv_50_E_lag","Nppv_0_P_lag","Nppv_50_P_lag","Nppv_0_J_lag","Nppv_50_J_lag","Nppv_0_S_lag","Nppv_50_S_lag","Nppv_100_S_lag","Nppv_200_S_lag","Nppv_300_S_lag","Nppv_0_A_lag","Nppv_50_A_lag","Nppv_100_A_lag","Nppv_200_A_lag","Nppv_300_A_lag","O2_0_E_lag","O2_50_E_lag","O2_0_P_lag","O2_50_P_lag","O2_0_J_lag","O2_50_J_lag","O2_0_S_lag","O2_50_S_lag","O2_100_S_lag","O2_200_S_lag","O2_300_S_lag","O2_0_A_lag","O2_50_A_lag","O2_100_A_lag","O2_200_A_lag","O2_300_A_lag","SSH_E_lag","MLD_E_lag","SSH_P_lag","MLD_P_lag","SSH_J_lag","MLD_J_lag","SSH_S_lag","MLD_S_lag","SSH_A_lag","MLD_A_lag","Temp_0_E_lag","Temp_50_E_lag","PFSSTA_1_lag","Temp_0_P_lag","Temp_50_P_lag","PFSSTA_2_lag","Temp_0_J_lag","Temp_50_J_lag","PFSSTA_3_lag","Temp_0_S_lag","Temp_50_S_lag","Temp_100_S_lag","Temp_200_S_lag","Temp_300_S_lag","PFSSTA_4_lag","Temp_0_A_lag","Temp_50_A_lag","Temp_100_A_lag","Temp_200_A_lag","Temp_300_A_lag","PFSSTA_5_lag","ONI_E_lag","PDO_E_lag","AMO_E_lag","DMI_E_lag","ONI_P_lag","PDO_P_lag","AMO_P_lag","DMI_P_lag","ONI_J_lag","PDO_J_lag","AMO_J_lag","DMI_J_lag","ONI_S_lag","PDO_S_lag","AMO_S_lag","DMI_S_lag","ONI_A_lag","PDO_A_lag","AMO_A_lag","DMI_A_lag"
"1",1995,0.163901330512573,0.163874671706052,0.223343984933481,0.223298176038317,0.639335813485305,0.639142852620584,0.72768295109621,0.727627177277084,0.727573037717512,0.72743918378543,0.728582976794541,0.283192793297837,0.283107004636853,0.282909786759867,0.281664573065141,0.283534881887866,3.26300609247531,3.23631092680784,4.9193289580396,4.88930927620828,16.0803968615835,16.0501126040971,20.4981853593429,20.4816453135823,20.4778681640789,20.4777182683081,20.1322810625676,8.79576813463275,8.74767815926835,8.71180126835651,8.58009973204645,7.49530814838273,227.697641155488,227.70299374553,230.334329684646,230.352806209777,239.931295893138,239.979410815713,258.560386240808,258.682470597112,258.730594423578,258.832736930281,259.08814705842,257.425403668877,257.566534731202,257.656102164847,258.043657243163,260.813343514273,0.822691471240403,53.9826315090047,0.840322721174098,65.8320786844438,0.802577024646436,66.7430230024742,0.154781568247244,17.1012221573238,-0.0574714191293192,16.1919643078463,21.6038032389938,21.577605057855,0.633993388091749,21.0980845462657,21.0726392930268,0.463830476125558,19.1431885793759,19.1181868683897,0.100449743306886,12.0371046451574,11.989905569302,11.9713621991179,11.9195573463463,11.8735660125283,0.232158348933839,18.24427140236,18.1817403435015,18.1502374745185,18.0307339031609,17.8817121789911,0.180060271220492,0.53,0.46,0.2,-0.05,0.6275,0.0275,0.2075,0.00825,0.415,0.475,0.235,-0.1355,0.055,0.96,0.425,-0.1645,-0.64,0.6875,0.3275,-0.215,0.145959251459729,0.145936947385347,0.230518974900946,0.230480971016184,0.654922689555173,0.654725927634766,0.703480966697439,0.703433128491125,0.703379882181137,0.703275772327794,0.711516578567624,0.259917783912251,0.259786692893496,0.259483268403046,0.257823387655012,0.25744833789814,2.76265325009629,2.73570430185343,4.63082658770419,4.60625646910246,14.7746471491169,14.7537113190289,19.5939755670546,19.5628493793489,19.5502334945747,19.5282235400552,18.8272053663103,8.03995403705162,7.96516761923245,7.9100355240713,7.72657102301265,6.49886357957859,225.37122950403,225.369287454176,228.999870942281,229.006533493272,238.124460830857,238.142811265037,253.594036033803,253.722671800624,253.784300554739,253.958971057805,254.397459668912,251.313685326688,251.47984724618,251.598891059735,252.104187544222,255.378531880954,0.83231406472217,46.8489568826438,0.84646797916479,65.039663868019,0.83849563685959,73.7697620135703,0.155503981528348,16.6004418907846,-0.0401888154016948,15.5649579442832,22.1117866008891,22.0818017487557,0.676255069697693,21.1617530139901,21.1430200520025,0.464282062642718,19.1526544872847,19.1361216411829,0.0834146548432263,12.198915289989,12.14229192674,12.1169080572219,12.0377903020469,11.96694395615,0.211291721839185,19.8661200099324,19.7744921267618,19.7279468445825,19.556052182475,19.3605189874183,0.168006027122049,0.17,0.27,-0.17,0.202,0.1525,0.485,-0.155,0.108,0.24,0.38,-0.1,0.2765,0.415,0.325,-0.125,0.4885,0.54,-1.09,-0.1325,0.651
"2",1996,0.126884396170607,0.126857290808547,0.26515026156138,0.265082276328193,0.756851520320789,0.756638962628129,0.906316414440544,0.906240995115456,0.906172389797081,0.906044101442889,0.918951136643862,0.310020141524688,0.309982980153178,0.309911433106748,0.309534259145118,0.312274229642924,2.66875202829088,2.62339329359906,6.11480627114301,6.0865142958972,18.2308544215799,18.2123909509954,25.7524722540034,25.7290720131879,25.7164813882201,25.6822244035928,23.8631209385386,10.221717529269,10.1847901819093,10.1614966396366,10.088295925007,9.08569951328808,226.770964371174,226.793815145687,231.831056676649,231.846586795503,241.505844618662,241.544364095524,264.850398793991,265.01310322603,265.086639648485,265.292348041281,265.94017471921,256.102363753189,256.231810240502,256.304024932755,256.559388666205,258.237258077319,0.824863601887604,35.5527753908959,0.834996261404475,62.8221191592945,0.813008077974774,70.4314848951291,0.114652202199777,19.3613499390847,-0.060921563664525,16.8103341362824,22.0180376593503,21.9691595957493,0.712654647080877,20.6982531689184,20.6713221066677,0.434042806993627,18.7732833982616,18.7522543728736,0.0424710424710425,11.5256719940806,11.4639622051585,11.4349650422224,11.3452241368431,11.2634746691952,0.168234327199671,18.4837684242147,18.4137442428656,18.3755685347476,18.2367317349969,18.0804214449829,0.188792749189535,-0.59,0.85,-0.04,-0.085,-0.6575,1.06,0.065,-0.127,-0.49,1.11,0.035,-0.227,-0.305,1.615,-0.015,-0.33,-0.335,0.095,0.02,-0.786,0.163901330512573,0.163874671706052,0.223343984933481,0.223298176038317,0.639335813485305,0.639142852620584,0.72768295109621,0.727627177277084,0.727573037717512,0.72743918378543,0.728582976794541,0.283192793297837,0.283107004636853,0.282909786759867,0.281664573065141,0.283534881887866,3.26300609247531,3.23631092680784,4.9193289580396,4.88930927620828,16.0803968615835,16.0501126040971,20.4981853593429,20.4816453135823,20.4778681640789,20.4777182683081,20.1322810625676,8.79576813463275,8.74767815926835,8.71180126835651,8.58009973204645,7.49530814838273,227.697641155488,227.70299374553,230.334329684646,230.352806209777,239.931295893138,239.979410815713,258.560386240808,258.682470597112,258.730594423578,258.832736930281,259.08814705842,257.425403668877,257.566534731202,257.656102164847,258.043657243163,260.813343514273,0.822691471240403,53.9826315090047,0.840322721174098,65.8320786844438,0.802577024646436,66.7430230024742,0.154781568247244,17.1012221573238,-0.0574714191293192,16.1919643078463,21.6038032389938,21.577605057855,0.633993388091749,21.0980845462657,21.0726392930268,0.463830476125558,19.1431885793759,19.1181868683897,0.100449743306886,12.0371046451574,11.989905569302,11.9713621991179,11.9195573463463,11.8735660125283,0.232158348933839,18.24427140236,18.1817403435015,18.1502374745185,18.0307339031609,17.8817121789911,0.180060271220492,0.53,0.46,0.2,-0.05,0.6275,0.0275,0.2075,0.00825,0.415,0.475,0.235,-0.1355,0.055,0.96,0.425,-0.1645,-0.64,0.6875,0.3275,-0.215
"3",1997,0.122901988100879,0.122883295464607,0.215962021708867,0.215935186019646,0.544026361182168,0.543926151904515,0.863358155585052,0.863252995077704,0.863136777455085,0.862847757597718,0.865398144141526,0.310264213032876,0.309887605861303,0.309219141795646,0.306614838853308,0.305950231719679,2.98670164295834,2.95405953655367,5.39247333872441,5.37065388511837,16.0435256786436,16.0257808700522,25.7081195636246,25.6597535135595,25.6396256155748,25.6094148026883,24.6373224615772,9.81323151267469,9.72225718918986,9.64409094649171,9.42444984154416,8.16459632415826,226.87539041469,226.885950584378,230.353435184645,230.364035628104,240.981663174099,241.034845892518,263.559358386859,263.746178804944,263.829927544218,264.022486761899,264.390444890304,261.88014807135,262.074352952301,262.227171011487,262.82414555822,265.29393672422,0.84702852364044,34.3499888542978,0.836946706635091,59.0438489178843,0.809198688214964,50.8797621206018,0.0751286041024948,13.425159576481,-0.0573777584864009,16.5526923593402,22.0388671708508,22.0076536478334,0.733001601854061,21.1947363900324,21.1758657780106,0.523738113902048,19.4872976749067,19.4630840564061,0.120879120879121,11.4952917118402,11.4361649919442,11.410995076672,11.3419839883254,11.2880368005692,0.182160631934615,18.06402448988,17.983504393798,17.9409739266742,17.7950530006737,17.6452649457372,0.189637459476736,-0.1,0.39,0.18,0.043,-0.17,0.4625,0.1575,0.0165,0.09,0.56,0.15,0.0485,0.985,2.07,0.09,0.0535,1.9925,1.835,0.225,0.68125,0.126884396170607,0.126857290808547,0.26515026156138,0.265082276328193,0.756851520320789,0.756638962628129,0.906316414440544,0.906240995115456,0.906172389797081,0.906044101442889,0.918951136643862,0.310020141524688,0.309982980153178,0.309911433106748,0.309534259145118,0.312274229642924,2.66875202829088,2.62339329359906,6.11480627114301,6.0865142958972,18.2308544215799,18.2123909509954,25.7524722540034,25.7290720131879,25.7164813882201,25.6822244035928,23.8631209385386,10.221717529269,10.1847901819093,10.1614966396366,10.088295925007,9.08569951328808,226.770964371174,226.793815145687,231.831056676649,231.846586795503,241.505844618662,241.544364095524,264.850398793991,265.01310322603,265.086639648485,265.292348041281,265.94017471921,256.102363753189,256.231810240502,256.304024932755,256.559388666205,258.237258077319,0.824863601887604,35.5527753908959,0.834996261404475,62.8221191592945,0.813008077974774,70.4314848951291,0.114652202199777,19.3613499390847,-0.060921563664525,16.8103341362824,22.0180376593503,21.9691595957493,0.712654647080877,20.6982531689184,20.6713221066677,0.434042806993627,18.7732833982616,18.7522543728736,0.0424710424710425,11.5256719940806,11.4639622051585,11.4349650422224,11.3452241368431,11.2634746691952,0.168234327199671,18.4837684242147,18.4137442428656,18.3755685347476,18.2367317349969,18.0804214449829,0.188792749189535,-0.59,0.85,-0.04,-0.085,-0.6575,1.06,0.065,-0.127,-0.49,1.11,0.035,-0.227,-0.305,1.615,-0.015,-0.33,-0.335,0.095,0.02,-0.786
"4",1998,0.113244481034372,0.113216224711865,0.190520517830785,0.190442884166242,0.437318256187216,0.437212818259726,0.650770896529542,0.650762402707715,0.650748884332985,0.650740954934806,0.655588367013123,0.266728187675722,0.266610532300431,0.26625322225567,0.263839736963926,0.265013894318824,2.37317709449797,2.3364384713627,4.56396957623825,4.51407720864753,12.8763349011069,12.8160591011728,20.2601146553756,20.2376947577906,20.2295583884387,20.2187227536048,19.1835524760867,8.53499824269844,8.46078210559818,8.39503973743925,8.14932667904094,6.94272476349579,223.899625821637,223.904884859642,227.543000490628,227.567704670953,237.441059603772,237.505052834596,256.15145085474,256.286842370015,256.346937395464,256.49372786344,256.81654697987,252.382687685683,252.558233400393,252.709522099502,253.406619927093,256.43565901914,0.852244495670971,40.6422122024001,0.880074083525249,57.4421367930441,0.861465669400411,55.3353312356454,0.132954904981924,15.7726331553282,-0.0264916496014209,15.4364229114299,22.5594988826456,22.5309938229911,0.785044817831703,21.8364486918693,21.8047754907598,0.432688047442146,20.1534836717157,20.1121813027293,0.285629428486571,12.2963768250488,12.2409288807768,12.2158692117214,12.1428382583636,12.0821874384482,0.199465777818364,19.8178352521427,19.7273074315748,19.6757453278293,19.478489236735,19.2661450152963,0.177149445230811,1.44,1.29,0.37,-0.055,1.65,0.9725,0.3525,0.23475,1.215,0.66,0.365,-0.004,0.16,-0.805,0.54,0.1435,-1.14,-1.49,0.55,-0.551,0.122901988100879,0.122883295464607,0.215962021708867,0.215935186019646,0.544026361182168,0.543926151904515,0.863358155585052,0.863252995077704,0.863136777455085,0.862847757597718,0.865398144141526,0.310264213032876,0.309887605861303,0.309219141795646,0.306614838853308,0.305950231719679,2.98670164295834,2.95405953655367,5.39247333872441,5.37065388511837,16.0435256786436,16.0257808700522,25.7081195636246,25.6597535135595,25.6396256155748,25.6094148026883,24.6373224615772,9.81323151267469,9.72225718918986,9.64409094649171,9.42444984154416,8.16459632415826,226.87539041469,226.885950584378,230.353435184645,230.364035628104,240.981663174099,241.034845892518,263.559358386859,263.746178804944,263.829927544218,264.022486761899,264.390444890304,261.88014807135,262.074352952301,262.227171011487,262.82414555822,265.29393672422,0.84702852364044,34.3499888542978,0.836946706635091,59.0438489178843,0.809198688214964,50.8797621206018,0.0751286041024948,13.425159576481,-0.0573777584864009,16.5526923593402,22.0388671708508,22.0076536478334,0.733001601854061,21.1947363900324,21.1758657780106,0.523738113902048,19.4872976749067,19.4630840564061,0.120879120879121,11.4952917118402,11.4361649919442,11.410995076672,11.3419839883254,11.2880368005692,0.182160631934615,18.06402448988,17.983504393798,17.9409739266742,17.7950530006737,17.6452649457372,0.189637459476736,-0.1,0.39,0.18,0.043,-0.17,0.4625,0.1575,0.0165,0.09,0.56,0.15,0.0485,0.985,2.07,0.09,0.0535,1.9925,1.835,0.225,0.68125
"5",1999,0.106152177435456,0.106118397522223,0.173524120001134,0.173485276747095,0.374757292124664,0.374660610154852,0.722351490817295,0.722307425983989,0.722266257274532,0.722228533711218,0.728890621742404,0.275787220027907,0.275654166230864,0.275432406442117,0.274269258245359,0.27958082897386,2.56937877744375,2.50465454447202,4.1037010350142,4.06892191018183,11.0651033212533,11.0384733034812,22.2332540147478,22.2095263431446,22.2027743613692,22.1956089411184,20.9285760722432,8.69643307014212,8.62307858598126,8.57376864336346,8.42175053233272,7.39483105201391,219.569268525334,219.590684978188,224.680918008962,224.687127893826,234.251766839213,234.274909310695,254.680932872096,254.843385432866,254.911296650919,255.081974735305,255.623822982752,250.556913391962,250.727272242145,250.846754196326,251.363064629014,254.344773365974,0.888669848631396,23.4612236064221,0.896908837185542,51.6879960680217,0.910550436705823,50.5417014059925,0.201096909840027,14.0217230782586,-0.00508341259095975,15.9145343659756,23.6634784953572,23.6041605488675,0.713949763130091,22.2464018997024,22.2198745692774,0.401937561773627,20.323343457466,20.3014293731656,0.256926471212185,12.9482381907799,12.8877138873026,12.8617438550539,12.7837070579309,12.7131547632584,0.203027259029268,20.1575784833483,20.0644313410927,20.0118499656738,19.8159536754629,19.6142763649368,0.153052372037807,-1.07,-1.18,0.18,0.102,-1.225,-1.2175,0.22,-0.017,-1.025,-1.515,0.235,0.05,-1.03,-2.33,0.43,-0.1655,-1.1575,-2.1225,0.3975,-0.02625,0.113244481034372,0.113216224711865,0.190520517830785,0.190442884166242,0.437318256187216,0.437212818259726,0.650770896529542,0.650762402707715,0.650748884332985,0.650740954934806,0.655588367013123,0.266728187675722,0.266610532300431,0.26625322225567,0.263839736963926,0.265013894318824,2.37317709449797,2.3364384713627,4.56396957623825,4.51407720864753,12.8763349011069,12.8160591011728,20.2601146553756,20.2376947577906,20.2295583884387,20.2187227536048,19.1835524760867,8.53499824269844,8.46078210559818,8.39503973743925,8.14932667904094,6.94272476349579,223.899625821637,223.904884859642,227.543000490628,227.567704670953,237.441059603772,237.505052834596,256.15145085474,256.286842370015,256.346937395464,256.49372786344,256.81654697987,252.382687685683,252.558233400393,252.709522099502,253.406619927093,256.43565901914,0.852244495670971,40.6422122024001,0.880074083525249,57.4421367930441,0.861465669400411,55.3353312356454,0.132954904981924,15.7726331553282,-0.0264916496014209,15.4364229114299,22.5594988826456,22.5309938229911,0.785044817831703,21.8364486918693,21.8047754907598,0.432688047442146,20.1534836717157,20.1121813027293,0.285629428486571,12.2963768250488,12.2409288807768,12.2158692117214,12.1428382583636,12.0821874384482,0.199465777818364,19.8178352521427,19.7273074315748,19.6757453278293,19.478489236735,19.2661450152963,0.177149445230811,1.44,1.29,0.37,-0.055,1.65,0.9725,0.3525,0.23475,1.215,0.66,0.365,-0.004,0.16,-0.805,0.54,0.1435,-1.14,-1.49,0.55,-0.551
"6",2000,0.156702937394671,0.156678191484502,0.198602666002438,0.198566708179106,0.517108509177925,0.516990752093017,0.69917363611215,0.699072230854461,0.698926810247883,0.698619258702732,0.708251467342492,0.268170843444953,0.268038760604206,0.267734148900936,0.266106213062217,0.272079766100162,3.26391644709758,3.24124186600376,4.61333433646655,4.58576797125643,13.9711466505712,13.9514076326528,21.2695365246156,21.1837346475632,21.1404980777484,21.0661538844924,20.0637773223262,8.52448334439412,8.43916558040148,8.37454028987967,8.16752596186928,7.02171031435627,223.038950340454,223.03086621054,226.860165416331,226.859443268526,237.375588445825,237.39576903365,257.229110574834,257.448546160207,257.55510202448,257.852796824066,258.861080911176,248.313261739899,248.495233709162,248.643469286036,249.417383496227,254.113291877333,0.880998425921685,46.319384418997,0.891696646292127,66.4095082799616,0.889020412903401,69.4639628002406,0.171744618752526,13.1224898049316,-0.0227334592418948,15.3397667579216,22.2834603783279,22.2631915278057,0.701577996659964,21.3628560691756,21.3387487767662,0.443739136362087,19.2742509491444,19.248581755968,0.0665704951419237,13.0752856935361,12.9878252444444,12.9492595693885,12.834473893995,12.7293274802652,0.185790603168805,20.2781460485858,20.1678492486522,20.1063300621116,19.8790057743626,19.6245753146785,0.181190356604721,-1.07,-0.66,0.36,0.14,-1.2375,-1.1925,0.2225,0.03675,-0.94,-0.645,0.305,0.1405,-0.675,-0.725,0.23,0.0455,-0.56,-1.5625,0.2175,-0.0075,0.106152177435456,0.106118397522223,0.173524120001134,0.173485276747095,0.374757292124664,0.374660610154852,0.722351490817295,0.722307425983989,0.722266257274532,0.722228533711218,0.728890621742404,0.275787220027907,0.275654166230864,0.275432406442117,0.274269258245359,0.27958082897386,2.56937877744375,2.50465454447202,4.1037010350142,4.06892191018183,11.0651033212533,11.0384733034812,22.2332540147478,22.2095263431446,22.2027743613692,22.1956089411184,20.9285760722432,8.69643307014212,8.62307858598126,8.57376864336346,8.42175053233272,7.39483105201391,219.569268525334,219.590684978188,224.680918008962,224.687127893826,234.251766839213,234.274909310695,254.680932872096,254.843385432866,254.911296650919,255.081974735305,255.623822982752,250.556913391962,250.727272242145,250.846754196326,251.363064629014,254.344773365974,0.888669848631396,23.4612236064221,0.896908837185542,51.6879960680217,0.910550436705823,50.5417014059925,0.201096909840027,14.0217230782586,-0.00508341259095975,15.9145343659756,23.6634784953572,23.6041605488675,0.713949763130091,22.2464018997024,22.2198745692774,0.401937561773627,20.323343457466,20.3014293731656,0.256926471212185,12.9482381907799,12.8877138873026,12.8617438550539,12.7837070579309,12.7131547632584,0.203027259029268,20.1575784833483,20.0644313410927,20.0118499656738,19.8159536754629,19.6142763649368,0.153052372037807,-1.07,-1.18,0.18,0.102,-1.225,-1.2175,0.22,-0.017,-1.025,-1.515,0.235,0.05,-1.03,-2.33,0.43,-0.1655,-1.1575,-2.1225,0.3975,-0.02625
"7",2001,0.134486331303897,0.134475809668241,0.181741364388122,0.18171874107063,0.434151531485642,0.43406629309982,0.710412957158105,0.710300933002588,0.710177815589795,0.709767882725999,0.714328264103654,0.309535307422932,0.309480030999195,0.309321621883525,0.308079957755692,0.311707849090135,3.07210131027455,3.04647790241069,4.61006630767942,4.58785525656833,12.9117961421697,12.8941261820588,22.3263823827852,22.2863194116106,22.2648978575797,22.216105854018,21.3547093213116,9.87875273841504,9.83178920536804,9.79665489405231,9.6583098390922,8.42163221119828,221.970277083904,221.968813815225,226.825670470785,226.829764686862,236.982015953597,237.003835376349,254.629738836713,254.780874640936,254.84804948841,255.022866141135,255.553102563267,254.38319386171,254.52560169923,254.620757838712,255.021509249176,257.366849790328,0.908845923467379,47.2114415651147,0.914514557942438,56.8952098453707,0.89236540301934,56.17216482338,0.129222572264831,14.4730396410363,-0.0419923273164931,16.1412450434154,22.8050628988975,22.7802356134888,0.794894516205992,21.7433993595162,21.7231766440678,0.400625404723765,19.5277244081483,19.5082645198897,0.0976494547923119,12.2015177561957,12.1333699427145,12.1042912781766,12.021457407805,11.9501177715404,0.19983105794256,18.9840333074386,18.9147271060393,18.8791407793919,18.7529370038251,18.6154259093965,0.208495045888316,-0.44,-0.41,0.25,-0.01,-0.495,-0.28,0.1775,-0.0805,-0.39,-0.795,0.2,0.063,-0.185,-1.17,0.24,0.132,-0.1725,-1.945,0.435,-0.27875,0.156702937394671,0.156678191484502,0.198602666002438,0.198566708179106,0.517108509177925,0.516990752093017,0.69917363611215,0.699072230854461,0.698926810247883,0.698619258702732,0.708251467342492,0.268170843444953,0.268038760604206,0.267734148900936,0.266106213062217,0.272079766100162,3.26391644709758,3.24124186600376,4.61333433646655,4.58576797125643,13.9711466505712,13.9514076326528,21.2695365246156,21.1837346475632,21.1404980777484,21.0661538844924,20.0637773223262,8.52448334439412,8.43916558040148,8.37454028987967,8.16752596186928,7.02171031435627,223.038950340454,223.03086621054,226.860165416331,226.859443268526,237.375588445825,237.39576903365,257.229110574834,257.448546160207,257.55510202448,257.852796824066,258.861080911176,248.313261739899,248.495233709162,248.643469286036,249.417383496227,254.113291877333,0.880998425921685,46.319384418997,0.891696646292127,66.4095082799616,0.889020412903401,69.4639628002406,0.171744618752526,13.1224898049316,-0.0227334592418948,15.3397667579216,22.2834603783279,22.2631915278057,0.701577996659964,21.3628560691756,21.3387487767662,0.443739136362087,19.2742509491444,19.248581755968,0.0665704951419237,13.0752856935361,12.9878252444444,12.9492595693885,12.834473893995,12.7293274802652,0.185790603168805,20.2781460485858,20.1678492486522,20.1063300621116,19.8790057743626,19.6245753146785,0.181190356604721,-1.07,-0.66,0.36,0.14,-1.2375,-1.1925,0.2225,0.03675,-0.94,-0.645,0.305,0.1405,-0.675,-0.725,0.23,0.0455,-0.56,-1.5625,0.2175,-0.0075
"8",2002,0.137734208254904,0.137696560063471,0.179484396105529,0.179441294817684,0.379445797004453,0.379351615236224,0.597334974287638,0.597303300892395,0.597275799851367,0.597250389695679,0.601368474818411,0.284235302154373,0.284207328771862,0.284150660700515,0.283775835418754,0.285103633910995,3.86733230722352,3.82338890498099,4.52298182808689,4.4950698759463,11.6534883111463,11.6336514817042,20.0340108285185,20.0101238734828,20.0021499166444,19.9898705848207,19.2545064874779,9.29692539483146,9.26135473552179,9.24097320991136,9.17797643019528,8.40034787763989,223.196077393625,223.208099342669,227.69566235885,227.697940744052,237.108499466627,237.134986271132,250.763331839854,250.903297334979,250.96020126045,251.097392097848,251.569232955563,252.420286204172,252.517166967719,252.567281331699,252.750423855883,253.740953319415,0.863026728019174,30.0501232047217,0.859497715253843,54.4373561777531,0.882472014593738,49.8857162035873,0.197761696428462,16.7231613536373,-0.0367536440482283,17.0985222488915,22.722622742436,22.6781460098149,0.749463208479602,21.4300286305674,21.4074353200221,0.50631369073992,19.823292438563,19.8058773933161,0.156094870380585,13.326095903572,13.2720287877305,13.2486143507426,13.181100356858,13.1218158342094,0.217067713803023,18.8817670656708,18.8149756000404,18.7817209064661,18.6660903082812,18.545730618949,0.179158485913885,0.09,-1.27,0.43,0.008,0.0425,-1.1075,0.4375,-0.146,0.145,-1.25,0.365,-0.172,0.54,-1.24,0.05,-0.2595,0.9675,-0.2525,0.2025,0.05575,0.134486331303897,0.134475809668241,0.181741364388122,0.18171874107063,0.434151531485642,0.43406629309982,0.710412957158105,0.710300933002588,0.710177815589795,0.709767882725999,0.714328264103654,0.309535307422932,0.309480030999195,0.309321621883525,0.308079957755692,0.311707849090135,3.07210131027455,3.04647790241069,4.61006630767942,4.58785525656833,12.9117961421697,12.8941261820588,22.3263823827852,22.2863194116106,22.2648978575797,22.216105854018,21.3547093213116,9.87875273841504,9.83178920536804,9.79665489405231,9.6583098390922,8.42163221119828,221.970277083904,221.968813815225,226.825670470785,226.829764686862,236.982015953597,237.003835376349,254.629738836713,254.780874640936,254.84804948841,255.022866141135,255.553102563267,254.38319386171,254.52560169923,254.620757838712,255.021509249176,257.366849790328,0.908845923467379,47.2114415651147,0.914514557942438,56.8952098453707,0.89236540301934,56.17216482338,0.129222572264831,14.4730396410363,-0.0419923273164931,16.1412450434154,22.8050628988975,22.7802356134888,0.794894516205992,21.7433993595162,21.7231766440678,0.400625404723765,19.5277244081483,19.5082645198897,0.0976494547923119,12.2015177561957,12.1333699427145,12.1042912781766,12.021457407805,11.9501177715404,0.19983105794256,18.9840333074386,18.9147271060393,18.8791407793919,18.7529370038251,18.6154259093965,0.208495045888316,-0.44,-0.41,0.25,-0.01,-0.495,-0.28,0.1775,-0.0805,-0.39,-0.795,0.2,0.063,-0.185,-1.17,0.24,0.132,-0.1725,-1.945,0.435,-0.27875
"9",2003,0.157036930295101,0.157019934793551,0.210319042730558,0.210255680657004,0.566093690638554,0.565950855446912,0.876816727820083,0.876686570469427,0.876551944957312,0.876147605019282,0.880986552548818,0.295548303441412,0.295496615169915,0.295367006589999,0.294686422874375,0.297800478341786,3.48060701770283,3.46361479718052,5.16887868084377,5.13587776480942,15.6307245079261,15.5960843023694,25.9203448600829,25.8949659077289,25.8817671415491,25.8531027458125,24.548645747257,9.51775789885632,9.47555082706273,9.44574328287289,9.35143380051398,8.39281837799865,224.908714233507,224.8987497794,228.575088107209,228.58248380894,238.224508825868,238.261834468098,255.959185729075,256.11874745806,256.192698619405,256.403028900599,257.069445411271,252.486962990683,252.606572196191,252.679228849454,252.947333292765,254.57208614662,0.889957557264462,52.0195243141619,0.885174065143965,67.6281813143373,0.839094097862755,71.1596642494485,0.111553015916347,16.6687637179835,-0.0503684225680259,16.0545470996773,22.0168547241023,22.0021342153646,0.693500562353021,21.2217418912747,21.194545883134,0.443432398350431,19.2183641107097,19.1862109811915,0.0925580211294497,12.3572863297774,12.2891182161434,12.2568357059146,12.1562174971004,12.0602049147069,0.20460252956486,18.9167048659799,18.8457749449895,18.8085785771078,18.6728192821879,18.5178287780115,0.199888132961965,0.38,1.01,0.31,-0.039,0.4725,1.0125,0.2425,-0.09,0.17,0.685,0.265,-0.069,-0.21,-0.105,0.265,-0.0125,0.21,0.3925,0.6225,-0.01625,0.137734208254904,0.137696560063471,0.179484396105529,0.179441294817684,0.379445797004453,0.379351615236224,0.597334974287638,0.597303300892395,0.597275799851367,0.597250389695679,0.601368474818411,0.284235302154373,0.284207328771862,0.284150660700515,0.283775835418754,0.285103633910995,3.86733230722352,3.82338890498099,4.52298182808689,4.4950698759463,11.6534883111463,11.6336514817042,20.0340108285185,20.0101238734828,20.0021499166444,19.9898705848207,19.2545064874779,9.29692539483146,9.26135473552179,9.24097320991136,9.17797643019528,8.40034787763989,223.196077393625,223.208099342669,227.69566235885,227.697940744052,237.108499466627,237.134986271132,250.763331839854,250.903297334979,250.96020126045,251.097392097848,251.569232955563,252.420286204172,252.517166967719,252.567281331699,252.750423855883,253.740953319415,0.863026728019174,30.0501232047217,0.859497715253843,54.4373561777531,0.882472014593738,49.8857162035873,0.197761696428462,16.7231613536373,-0.0367536440482283,17.0985222488915,22.722622742436,22.6781460098149,0.749463208479602,21.4300286305674,21.4074353200221,0.50631369073992,19.823292438563,19.8058773933161,0.156094870380585,13.326095903572,13.2720287877305,13.2486143507426,13.181100356858,13.1218158342094,0.217067713803023,18.8817670656708,18.8149756000404,18.7817209064661,18.6660903082812,18.545730618949,0.179158485913885,0.09,-1.27,0.43,0.008,0.0425,-1.1075,0.4375,-0.146,0.145,-1.25,0.365,-0.172,0.54,-1.24,0.05,-0.2595,0.9675,-0.2525,0.2025,0.05575
"10",2004,0.140209220086451,0.140174131958363,0.227908004563675,0.227870803624965,0.526882261832774,0.526772045929909,0.75438144992656,0.754300773332796,0.754188721084925,0.753763048349066,0.771753977277519,0.297024708697401,0.296915792302593,0.296738625960716,0.296011949266167,0.298151044604372,3.50705793633929,3.46401983889134,6.08394409013382,6.05607914504493,16.7549596249323,16.7306731735754,23.7321394195229,23.6686662267094,23.6346203390273,23.5380683586432,22.2115292155026,10.2706666081566,10.2166845131826,10.1804710861112,10.0813363392408,9.19968318724538,224.433210520165,224.445862935655,228.398184955984,228.409511026847,238.823751122571,238.877113690352,251.497179125176,251.69915688103,251.805817841553,252.228190723571,255.003081709589,251.978127323687,252.106132816214,252.181353865129,252.462291615198,254.345295344664,0.875617020040562,31.3526287859717,0.87503844364967,58.3015289696767,0.870728170499603,45.2324506880551,0.165334335894314,13.6678965871023,-0.0428642716864397,15.5739596789827,22.3566861023168,22.3140738208422,0.759653726866842,21.3788117459037,21.352098452186,0.477983027163355,19.633307470164,19.6020790299947,0.175654461368747,13.1617365026578,13.0757370960269,13.0328797947715,12.8767917362486,12.7138684290077,0.173645039039313,19.0341891992018,18.9564371142295,18.917726043928,18.784033234328,18.6414643334284,0.180334231313639,0.23,-0.15,0.39,0.077,0.27,-0.2275,0.43,0.03875,0.2,-0.075,0.375,-0.0015,0.225,0.25,0.235,-0.4745,0.62,-0.105,0.4575,-0.13575,0.157036930295101,0.157019934793551,0.210319042730558,0.210255680657004,0.566093690638554,0.565950855446912,0.876816727820083,0.876686570469427,0.876551944957312,0.876147605019282,0.880986552548818,0.295548303441412,0.295496615169915,0.295367006589999,0.294686422874375,0.297800478341786,3.48060701770283,3.46361479718052,5.16887868084377,5.13587776480942,15.6307245079261,15.5960843023694,25.9203448600829,25.8949659077289,25.8817671415491,25.8531027458125,24.548645747257,9.51775789885632,9.47555082706273,9.44574328287289,9.35143380051398,8.39281837799865,224.908714233507,224.8987497794,228.575088107209,228.58248380894,238.224508825868,238.261834468098,255.959185729075,256.11874745806,256.192698619405,256.403028900599,257.069445411271,252.486962990683,252.606572196191,252.679228849454,252.947333292765,254.57208614662,0.889957557264462,52.0195243141619,0.885174065143965,67.6281813143373,0.839094097862755,71.1596642494485,0.111553015916347,16.6687637179835,-0.0503684225680259,16.0545470996773,22.0168547241023,22.0021342153646,0.693500562353021,21.2217418912747,21.194545883134,0.443432398350431,19.2183641107097,19.1862109811915,0.0925580211294497,12.3572863297774,12.2891182161434,12.2568357059146,12.1562174971004,12.0602049147069,0.20460252956486,18.9167048659799,18.8457749449895,18.8085785771078,18.6728192821879,18.5178287780115,0.199888132961965,0.38,1.01,0.31,-0.039,0.4725,1.0125,0.2425,-0.09,0.17,0.685,0.265,-0.069,-0.21,-0.105,0.265,-0.0125,0.21,0.3925,0.6225,-0.01625
"11",2005,0.147365926887484,0.147349706782908,0.223638333855387,0.223606751541696,0.473684039693997,0.473596189392428,0.948077089915882,0.947928745005858,0.947775133960327,0.947201576296191,0.951148776001618,0.305923072835898,0.305860621721419,0.305743914351082,0.305146530838716,0.307326598004084,3.33768683503592,3.31348128311382,5.84417120607047,5.82135696340043,14.4138355084844,14.3978461144852,26.6949801820968,26.6689728223933,26.6544544627944,26.6118146403519,25.2238401629607,10.5924387437546,10.5479264205004,10.5184657605383,10.4272473342698,9.491641869081,223.010328467165,223.012055950735,227.449805210343,227.455252519059,238.361430571656,238.390756566354,259.710911508839,259.868357143953,259.945102932861,260.159914229644,260.557889880285,250.897629007793,251.01546875091,251.084870624116,251.35063617856,252.751160856153,0.860427001214005,35.5701571802469,0.901377805791079,57.2070054437557,0.921863935306805,54.4749006597226,0.160654425709939,18.1574567368062,-0.01442742578587,15.6611184698003,22.47914816071,22.4547145462857,0.774206741419856,21.4927869229372,21.4722821918711,0.477335469138748,19.586279643884,19.5638391905013,0.0960159531588103,11.9294014322038,11.8685495337571,11.8408266819755,11.7543880629785,11.675935279941,0.193666955846765,19.2070174593149,19.1305769832654,19.0930099202136,18.9657552187812,18.8288048700879,0.175357289621478,0.45,0.7,0.47,-0.432,0.525,0.205,0.4675,-0.258,0.44,0.49,0.54,-0.174,0.2,1.105,0.565,-0.1045,-0.15,-0.825,0.71,-0.42475,0.140209220086451,0.140174131958363,0.227908004563675,0.227870803624965,0.526882261832774,0.526772045929909,0.75438144992656,0.754300773332796,0.754188721084925,0.753763048349066,0.771753977277519,0.297024708697401,0.296915792302593,0.296738625960716,0.296011949266167,0.298151044604372,3.50705793633929,3.46401983889134,6.08394409013382,6.05607914504493,16.7549596249323,16.7306731735754,23.7321394195229,23.6686662267094,23.6346203390273,23.5380683586432,22.2115292155026,10.2706666081566,10.2166845131826,10.1804710861112,10.0813363392408,9.19968318724538,224.433210520165,224.445862935655,228.398184955984,228.409511026847,238.823751122571,238.877113690352,251.497179125176,251.69915688103,251.805817841553,252.228190723571,255.003081709589,251.978127323687,252.106132816214,252.181353865129,252.462291615198,254.345295344664,0.875617020040562,31.3526287859717,0.87503844364967,58.3015289696767,0.870728170499603,45.2324506880551,0.165334335894314,13.6678965871023,-0.0428642716864397,15.5739596789827,22.3566861023168,22.3140738208422,0.759653726866842,21.3788117459037,21.352098452186,0.477983027163355,19.633307470164,19.6020790299947,0.175654461368747,13.1617365026578,13.0757370960269,13.0328797947715,12.8767917362486,12.7138684290077,0.173645039039313,19.0341891992018,18.9564371142295,18.917726043928,18.784033234328,18.6414643334284,0.180334231313639,0.23,-0.15,0.39,0.077,0.27,-0.2275,0.43,0.03875,0.2,-0.075,0.375,-0.0015,0.225,0.25,0.235,-0.4745,0.62,-0.105,0.4575,-0.13575
"12",2006,0.156173796230733,0.156160756741771,0.253503120131625,0.253456179531612,0.489125814599295,0.489008129979371,0.81085165683689,0.810754202428411,0.810657068470509,0.810333461616302,0.813216560106553,0.30391104147671,0.303835217088231,0.303674227896276,0.302705338061914,0.304445610668971,4.09321366197627,4.07135612609929,7.22270259309722,7.20250527880022,14.353368743577,14.3441861284139,24.4646356587853,24.4454727567424,24.435338019208,24.4058379482981,23.0963622710372,10.4852697962679,10.4373250512033,10.4037295770302,10.2876371232746,9.24997032294952,223.857927901757,223.863824879901,228.847173323542,228.854638988469,238.19684163782,238.223647678311,260.339124115252,260.487751849827,260.550498503805,260.709926500998,261.143781967223,250.709792878577,250.839205939439,250.921846415353,251.277152924175,253.71976882548,0.865736050589549,35.4288352232615,0.879917551209971,53.8847016132267,0.895861123447889,55.0354105205705,0.114477524434671,17.3214524226042,-0.0495950472969162,15.5663535283637,22.4956209534477,22.4756509573458,0.826693023414335,21.1521156766741,21.1302739958556,0.409256671551753,19.3326449127568,19.3183061645165,0.0713224998939285,11.7178270029253,11.6591783399216,11.6331850477779,11.5619980472583,11.5055464493875,0.178256700607278,18.6610065246378,18.5896413125217,18.5530288583009,18.422021922784,18.2735625830769,0.220754760056618,-0.57,-0.74,0.27,-0.226,-0.64,-0.09,0.39,-0.17025,-0.47,-0.64,0.365,-0.1205,-0.085,-0.08,0.555,-0.133,0.4275,-0.615,0.655,0.3185,0.147365926887484,0.147349706782908,0.223638333855387,0.223606751541696,0.473684039693997,0.473596189392428,0.948077089915882,0.947928745005858,0.947775133960327,0.947201576296191,0.951148776001618,0.305923072835898,0.305860621721419,0.305743914351082,0.305146530838716,0.307326598004084,3.33768683503592,3.31348128311382,5.84417120607047,5.82135696340043,14.4138355084844,14.3978461144852,26.6949801820968,26.6689728223933,26.6544544627944,26.6118146403519,25.2238401629607,10.5924387437546,10.5479264205004,10.5184657605383,10.4272473342698,9.491641869081,223.010328467165,223.012055950735,227.449805210343,227.455252519059,238.361430571656,238.390756566354,259.710911508839,259.868357143953,259.945102932861,260.159914229644,260.557889880285,250.897629007793,251.01546875091,251.084870624116,251.35063617856,252.751160856153,0.860427001214005,35.5701571802469,0.901377805791079,57.2070054437557,0.921863935306805,54.4749006597226,0.160654425709939,18.1574567368062,-0.01442742578587,15.6611184698003,22.47914816071,22.4547145462857,0.774206741419856,21.4927869229372,21.4722821918711,0.477335469138748,19.586279643884,19.5638391905013,0.0960159531588103,11.9294014322038,11.8685495337571,11.8408266819755,11.7543880629785,11.675935279941,0.193666955846765,19.2070174593149,19.1305769832654,19.0930099202136,18.9657552187812,18.8288048700879,0.175357289621478,0.45,0.7,0.47,-0.432,0.525,0.205,0.4675,-0.258,0.44,0.49,0.54,-0.174,0.2,1.105,0.565,-0.1045,-0.15,-0.825,0.71,-0.42475
"13",2007,0.176868241034609,0.176843614688518,0.208550252432719,0.208522245935496,0.397065212888433,0.396978151564424,0.865058238016824,0.86489625393786,0.864703046493843,0.864070886977244,0.87210431569354,0.28485343948014,0.284823513753116,0.284765655600493,0.284292982200922,0.28500803583799,4.42401865842215,4.39203732906097,5.48904089212387,5.46858336425892,12.1827995925319,12.1716066973971,26.2011966489424,26.1538162197944,26.1235514494891,26.0457977195162,24.6982428035543,9.51432213437421,9.47761104476138,9.45487197944908,9.37423964708644,8.45062086066824,223.312603354489,223.312747552528,226.578003309916,226.58080051764,236.600391648989,236.610729986644,260.492112581847,260.66025066748,260.739513971953,260.950372098853,261.435730153187,252.298377986933,252.408288583315,252.469083030841,252.716400301877,254.512970469096,0.888786382549164,51.3390652284739,0.892004925989882,62.2521101107415,0.886045421460568,68.1586567214266,0.155565303250302,15.4456392377547,-0.041538605998404,16.3652123764479,22.4310590617943,22.4026494677904,0.736784703997819,21.5327947009954,21.5131773024309,0.438422344160049,19.3859068911131,19.3686876227228,0.0758623615766473,12.1817023490094,12.0997990416536,12.0616201731329,11.9522728150227,11.8674065047274,0.198940687639834,18.7998325138047,18.7279702823802,18.6921768824695,18.5584399442837,18.4000324344516,0.192388475412082,-0.12,-1.1,0.42,0.116,0.11,-0.74,0.4825,0.1475,-0.22,-0.78,0.405,0.108,-0.425,-0.18,0.315,0.15,-0.945,-0.695,0.35,0.146,0.156173796230733,0.156160756741771,0.253503120131625,0.253456179531612,0.489125814599295,0.489008129979371,0.81085165683689,0.810754202428411,0.810657068470509,0.810333461616302,0.813216560106553,0.30391104147671,0.303835217088231,0.303674227896276,0.302705338061914,0.304445610668971,4.09321366197627,4.07135612609929,7.22270259309722,7.20250527880022,14.353368743577,14.3441861284139,24.4646356587853,24.4454727567424,24.435338019208,24.4058379482981,23.0963622710372,10.4852697962679,10.4373250512033,10.4037295770302,10.2876371232746,9.24997032294952,223.857927901757,223.863824879901,228.847173323542,228.854638988469,238.19684163782,238.223647678311,260.339124115252,260.487751849827,260.550498503805,260.709926500998,261.143781967223,250.709792878577,250.839205939439,250.921846415353,251.277152924175,253.71976882548,0.865736050589549,35.4288352232615,0.879917551209971,53.8847016132267,0.895861123447889,55.0354105205705,0.114477524434671,17.3214524226042,-0.0495950472969162,15.5663535283637,22.4956209534477,22.4756509573458,0.826693023414335,21.1521156766741,21.1302739958556,0.409256671551753,19.3326449127568,19.3183061645165,0.0713224998939285,11.7178270029253,11.6591783399216,11.6331850477779,11.5619980472583,11.5055464493875,0.178256700607278,18.6610065246378,18.5896413125217,18.5530288583009,18.422021922784,18.2735625830769,0.220754760056618,-0.57,-0.74,0.27,-0.226,-0.64,-0.09,0.39,-0.17025,-0.47,-0.64,0.365,-0.1205,-0.085,-0.08,0.555,-0.133,0.4275,-0.615,0.655,0.3185
"14",2008,0.165467981766955,0.165448282086983,0.21153955898476,0.211502554441624,0.488128155387658,0.488008487780494,0.632747911149454,0.632729803714363,0.632679445071438,0.632412590156255,0.637258085385139,0.258408931015042,0.25831711140979,0.258107811932429,0.256401574418645,0.256863555483709,4.43208199077476,4.40236123861275,5.59473005528304,5.56690451107904,14.857565067873,14.8284885064316,21.207190574844,21.1803829100428,21.1644191864782,21.1162024130587,19.7699681742874,8.7942658287343,8.72962117547487,8.68255655838374,8.49384256903502,7.32096766090133,222.849678691694,222.848259145922,225.605079219878,225.607538751863,235.980482734416,236.013507099166,256.506231565572,256.692891891444,256.783992841782,257.043406889273,257.872473967624,248.446359362462,248.604878500926,248.718628602423,249.310089956512,253.829478184737,0.855016500861044,40.6353728687686,0.871875298808663,58.5852247887631,0.847839229812133,54.3305156115494,0.199093609204697,16.6855833121376,-0.047548760282958,14.3829873542437,22.3361535978365,22.2968570251446,0.685389046044784,21.6308135272493,21.6030153290743,0.416004907808186,19.5131162010686,19.4768321767491,0.107301964444822,13.1070126584805,13.0458468434212,13.0179336317228,12.9360406583822,12.8641197421255,0.285375097027533,20.0435923814759,19.9682828530226,19.9272106107519,19.7607926673287,19.5473062362239,0.230172138258527,-1.29,-1.26,0.49,0.097,-1.365,-1.5025,0.435,-0.00325,-1.15,-1.525,0.395,-0.028,-0.725,-1.735,0.515,0.1965,-0.2975,-1.895,0.495,0.12125,0.176868241034609,0.176843614688518,0.208550252432719,0.208522245935496,0.397065212888433,0.396978151564424,0.865058238016824,0.86489625393786,0.864703046493843,0.864070886977244,0.87210431569354,0.28485343948014,0.284823513753116,0.284765655600493,0.284292982200922,0.28500803583799,4.42401865842215,4.39203732906097,5.48904089212387,5.46858336425892,12.1827995925319,12.1716066973971,26.2011966489424,26.1538162197944,26.1235514494891,26.0457977195162,24.6982428035543,9.51432213437421,9.47761104476138,9.45487197944908,9.37423964708644,8.45062086066824,223.312603354489,223.312747552528,226.578003309916,226.58080051764,236.600391648989,236.610729986644,260.492112581847,260.66025066748,260.739513971953,260.950372098853,261.435730153187,252.298377986933,252.408288583315,252.469083030841,252.716400301877,254.512970469096,0.888786382549164,51.3390652284739,0.892004925989882,62.2521101107415,0.886045421460568,68.1586567214266,0.155565303250302,15.4456392377547,-0.041538605998404,16.3652123764479,22.4310590617943,22.4026494677904,0.736784703997819,21.5327947009954,21.5131773024309,0.438422344160049,19.3859068911131,19.3686876227228,0.0758623615766473,12.1817023490094,12.0997990416536,12.0616201731329,11.9522728150227,11.8674065047274,0.198940687639834,18.7998325138047,18.7279702823802,18.6921768824695,18.5584399442837,18.4000324344516,0.192388475412082,-0.12,-1.1,0.42,0.116,0.11,-0.74,0.4825,0.1475,-0.22,-0.78,0.405,0.108,-0.425,-0.18,0.315,0.15,-0.945,-0.695,0.35,0.146
"15",2009,0.119682257779601,0.119678733834578,0.191637205855226,0.191593705606254,0.368983851316727,0.368891683185776,0.697204867643969,0.697120297476242,0.69698695184708,0.69659458442208,0.708338019289047,0.266289485210411,0.266272597133343,0.266234745539381,0.26599790736796,0.266939346721582,2.98728025668262,2.9571181916161,5.22111517420334,5.18932775410894,11.8284538143463,11.8060517703143,23.3081298528659,23.2546078644164,23.2214131045397,23.153863865728,21.4162498208157,8.86054390526742,8.82729736120027,8.80972388783498,8.75920954964763,8.18435426151877,222.794600524271,222.803736747915,226.342238595732,226.351978647254,234.990856114515,235.017833148319,256.467381211578,256.642938874458,256.725392063924,256.932903799017,257.317904815555,250.321374153179,250.415906406787,250.464683667262,250.632225038516,251.680528797087,0.875425206647395,34.8864318576611,0.862604655337983,51.3457108243276,0.879983385443029,52.616536914592,0.179627493631455,13.5852705035769,-0.0149811378724907,17.7195723813325,22.7282766606422,22.7024771184963,0.808288742714972,21.5482658471065,21.521192079436,0.487943492041853,19.7970896409367,19.7761940557291,0.14094785523357,13.0300828718296,12.9560894838818,12.9251273531113,12.8410894027563,12.7704943673997,0.230834208483631,19.3340303063325,19.2856644566228,19.2623861928591,19.1753214128074,19.0687715043728,0.166818866718415,-0.61,-2.06,0.03,0.1,-0.645,-1.97,0.09,0.105,-0.47,-2.145,0.06,0.113,0.145,-1.025,0.235,0.178,0.6875,-0.25,0.445,-0.103,0.165467981766955,0.165448282086983,0.21153955898476,0.211502554441624,0.488128155387658,0.488008487780494,0.632747911149454,0.632729803714363,0.632679445071438,0.632412590156255,0.637258085385139,0.258408931015042,0.25831711140979,0.258107811932429,0.256401574418645,0.256863555483709,4.43208199077476,4.40236123861275,5.59473005528304,5.56690451107904,14.857565067873,14.8284885064316,21.207190574844,21.1803829100428,21.1644191864782,21.1162024130587,19.7699681742874,8.7942658287343,8.72962117547487,8.68255655838374,8.49384256903502,7.32096766090133,222.849678691694,222.848259145922,225.605079219878,225.607538751863,235.980482734416,236.013507099166,256.506231565572,256.692891891444,256.783992841782,257.043406889273,257.872473967624,248.446359362462,248.604878500926,248.718628602423,249.310089956512,253.829478184737,0.855016500861044,40.6353728687686,0.871875298808663,58.5852247887631,0.847839229812133,54.3305156115494,0.199093609204697,16.6855833121376,-0.047548760282958,14.3829873542437,22.3361535978365,22.2968570251446,0.685389046044784,21.6308135272493,21.6030153290743,0.416004907808186,19.5131162010686,19.4768321767491,0.107301964444822,13.1070126584805,13.0458468434212,13.0179336317228,12.9360406583822,12.8641197421255,0.285375097027533,20.0435923814759,19.9682828530226,19.9272106107519,19.7607926673287,19.5473062362239,0.230172138258527,-1.29,-1.26,0.49,0.097,-1.365,-1.5025,0.435,-0.00325,-1.15,-1.525,0.395,-0.028,-0.725,-1.735,0.515,0.1965,-0.2975,-1.895,0.495,0.12125
"16",2010,0.126350658198973,0.12633282325763,0.197702681182707,0.197667243253331,0.373756545525924,0.3736808040879,0.888305203219953,0.8880225675214,0.887723144635291,0.886927108935413,0.888062626111796,0.291294506043603,0.291236340390751,0.291127743755578,0.290538542115135,0.294106424178686,3.43738690867504,3.39530915877799,5.40968682001136,5.38212267030113,12.3571851299123,12.3318689267444,26.4627685777663,26.4105675650425,26.3790524938347,26.3284492198608,25.5797597340175,9.38804159811256,9.3353563711173,9.30284245934021,9.20418741795712,8.28388629549484,222.529632094484,222.547184819761,225.797164340444,225.798450709165,235.892817257958,235.929003799023,257.11582004568,257.286941254353,257.372085666582,257.551021400231,257.868000885177,249.937658019049,250.059818535022,250.133436088354,250.412522334456,251.854560349868,0.893175767840289,26.6372541144773,0.899718115441833,53.3866550969621,0.905145815091181,37.1406631777981,0.17867843736673,17.7868728439146,-0.00642799039878819,15.2953754456062,22.9926026730218,22.9473298107988,0.941276711768515,21.665357120089,21.6402422331735,0.462782454585733,19.9849416448606,19.9559535432711,0.182909754338326,12.5025261806362,12.4278527710143,12.3922216552738,12.2901269698629,12.2018037475571,0.234121729601388,19.8896957528705,19.8205799197489,19.7855582099122,19.6609425617823,19.5218625866019,0.181966576868636,0.84,-0.16,0.52,0.458,0.9775,0.025,0.51,0.28625,0.595,-0.1,0.61,0.414,-0.415,-0.485,0.815,-0.085,-1.4,-2.0625,0.7525,-0.192,0.119682257779601,0.119678733834578,0.191637205855226,0.191593705606254,0.368983851316727,0.368891683185776,0.697204867643969,0.697120297476242,0.69698695184708,0.69659458442208,0.708338019289047,0.266289485210411,0.266272597133343,0.266234745539381,0.26599790736796,0.266939346721582,2.98728025668262,2.9571181916161,5.22111517420334,5.18932775410894,11.8284538143463,11.8060517703143,23.3081298528659,23.2546078644164,23.2214131045397,23.153863865728,21.4162498208157,8.86054390526742,8.82729736120027,8.80972388783498,8.75920954964763,8.18435426151877,222.794600524271,222.803736747915,226.342238595732,226.351978647254,234.990856114515,235.017833148319,256.467381211578,256.642938874458,256.725392063924,256.932903799017,257.317904815555,250.321374153179,250.415906406787,250.464683667262,250.632225038516,251.680528797087,0.875425206647395,34.8864318576611,0.862604655337983,51.3457108243276,0.879983385443029,52.616536914592,0.179627493631455,13.5852705035769,-0.0149811378724907,17.7195723813325,22.7282766606422,22.7024771184963,0.808288742714972,21.5482658471065,21.521192079436,0.487943492041853,19.7970896409367,19.7761940557291,0.14094785523357,13.0300828718296,12.9560894838818,12.9251273531113,12.8410894027563,12.7704943673997,0.230834208483631,19.3340303063325,19.2856644566228,19.2623861928591,19.1753214128074,19.0687715043728,0.166818866718415,-0.61,-2.06,0.03,0.1,-0.645,-1.97,0.09,0.105,-0.47,-2.145,0.06,0.113,0.145,-1.025,0.235,0.178,0.6875,-0.25,0.445,-0.103
"17",2011,0.199151981644017,0.199119547164386,0.253870296607957,0.253818003773685,0.458602661299132,0.458459242664393,0.948088987312403,0.947963287165442,0.94784923679516,0.947514530937249,0.950876816234767,0.301714161887461,0.301609393309152,0.301459258493504,0.30084653561995,0.303101729859783,4.91157875739587,4.88773256522669,6.67245451376697,6.65851436510431,12.9687175486481,12.9608049874165,25.9059329185516,25.8916301373669,25.8848461371488,25.865869735015,24.771801374556,10.2195918759302,10.1606633646448,10.127029284176,10.0380706748024,8.83934877023019,223.957948131274,223.951144552696,227.047141498519,227.029546448268,237.222699974459,237.218458797407,260.985547681417,261.125199603067,261.182948878554,261.327148794849,261.639586878232,250.707367191608,250.850362776762,250.936560534626,251.250476713981,253.153842636086,0.888978175138276,48.4902201197281,0.885816608804992,71.2964371035492,0.850439501882191,72.6256531858825,0.222997595900655,19.1101132978924,0.0208775672766912,14.223425574381,22.1327471529755,22.1009920920677,0.761357826931597,20.9842153326094,20.9677791570901,0.470774683889438,18.9911208124608,18.975975500451,0.0402011116296831,12.3183694988665,12.2800832268193,12.2633907824253,12.2133220943661,12.1698788310406,0.22761517738916,19.6608097245388,19.5850095561084,19.5455623711653,19.4014329085635,19.2387066833658,0.180779416465002,-0.93,-1.28,0.3,0.367,-1.0675,-1.39,0.37,0.23875,-0.83,-1.15,0.35,0.2605,-0.495,-0.87,0.455,-0.017,-0.735,-2.2725,0.435,0.28125,0.126350658198973,0.12633282325763,0.197702681182707,0.197667243253331,0.373756545525924,0.3736808040879,0.888305203219953,0.8880225675214,0.887723144635291,0.886927108935413,0.888062626111796,0.291294506043603,0.291236340390751,0.291127743755578,0.290538542115135,0.294106424178686,3.43738690867504,3.39530915877799,5.40968682001136,5.38212267030113,12.3571851299123,12.3318689267444,26.4627685777663,26.4105675650425,26.3790524938347,26.3284492198608,25.5797597340175,9.38804159811256,9.3353563711173,9.30284245934021,9.20418741795712,8.28388629549484,222.529632094484,222.547184819761,225.797164340444,225.798450709165,235.892817257958,235.929003799023,257.11582004568,257.286941254353,257.372085666582,257.551021400231,257.868000885177,249.937658019049,250.059818535022,250.133436088354,250.412522334456,251.854560349868,0.893175767840289,26.6372541144773,0.899718115441833,53.3866550969621,0.905145815091181,37.1406631777981,0.17867843736673,17.7868728439146,-0.00642799039878819,15.2953754456062,22.9926026730218,22.9473298107988,0.941276711768515,21.665357120089,21.6402422331735,0.462782454585733,19.9849416448606,19.9559535432711,0.182909754338326,12.5025261806362,12.4278527710143,12.3922216552738,12.2901269698629,12.2018037475571,0.234121729601388,19.8896957528705,19.8205799197489,19.7855582099122,19.6609425617823,19.5218625866019,0.181966576868636,0.84,-0.16,0.52,0.458,0.9775,0.025,0.51,0.28625,0.595,-0.1,0.61,0.414,-0.415,-0.485,0.815,-0.085,-1.4,-2.0625,0.7525,-0.192
"18",2012,0.149052911848755,0.149040472457674,0.199146422097243,0.199121806365916,0.401660841383243,0.401572050678875,0.829646255951855,0.82950136612208,0.829331681039257,0.828723641855469,0.833776318054475,0.301733468594913,0.301599551803746,0.301374240942629,0.300328897755506,0.304289866301753,4.12975139097503,4.09776904376009,5.32540020445035,5.30821739942831,11.8597247727637,11.8456879724324,25.9193914143207,25.8796917653289,25.8566305110643,25.7946740518223,24.4091136866859,10.4490479209488,10.3722683100989,10.3221438378244,10.1773619474876,8.86665848553388,222.964973050298,222.97034976737,227.102169314421,227.095974002354,237.686191516733,237.698652636575,257.960955831988,258.114908496818,258.182297044764,258.337887176585,258.555752506301,246.292993444148,246.44692100036,246.55108021008,246.986575674786,249.959619259633,0.859194662575072,35.4356017426947,0.883034290004326,63.0926707153237,0.867066079592092,54.9295756844746,0.212467065497358,19.0879935276017,0.00202061870240498,15.723176311433,22.5282447168251,22.4936892968798,0.772707133362871,21.2338708970504,21.2184588053317,0.431307726389694,19.2317546663769,19.2161300542417,0.0666765666765667,12.9971375298419,12.9441150525039,12.9229680121503,12.8643449668023,12.8132341484956,0.282452856033971,20.3318312824351,20.2491107601569,20.2041554531632,20.0303982604007,19.8154646156871,0.160483539564403,-0.59,-1.66,0.37,0.026,-0.66,-1.4675,0.375,-0.06925,-0.53,-1.335,0.39,-0.1225,-0.135,-1.875,0.525,-0.1845,0.315,-2.3025,0.7375,0.44025,0.199151981644017,0.199119547164386,0.253870296607957,0.253818003773685,0.458602661299132,0.458459242664393,0.948088987312403,0.947963287165442,0.94784923679516,0.947514530937249,0.950876816234767,0.301714161887461,0.301609393309152,0.301459258493504,0.30084653561995,0.303101729859783,4.91157875739587,4.88773256522669,6.67245451376697,6.65851436510431,12.9687175486481,12.9608049874165,25.9059329185516,25.8916301373669,25.8848461371488,25.865869735015,24.771801374556,10.2195918759302,10.1606633646448,10.127029284176,10.0380706748024,8.83934877023019,223.957948131274,223.951144552696,227.047141498519,227.029546448268,237.222699974459,237.218458797407,260.985547681417,261.125199603067,261.182948878554,261.327148794849,261.639586878232,250.707367191608,250.850362776762,250.936560534626,251.250476713981,253.153842636086,0.888978175138276,48.4902201197281,0.885816608804992,71.2964371035492,0.850439501882191,72.6256531858825,0.222997595900655,19.1101132978924,0.0208775672766912,14.223425574381,22.1327471529755,22.1009920920677,0.761357826931597,20.9842153326094,20.9677791570901,0.470774683889438,18.9911208124608,18.975975500451,0.0402011116296831,12.3183694988665,12.2800832268193,12.2633907824253,12.2133220943661,12.1698788310406,0.22761517738916,19.6608097245388,19.5850095561084,19.5455623711653,19.4014329085635,19.2387066833658,0.180779416465002,-0.93,-1.28,0.3,0.367,-1.0675,-1.39,0.37,0.23875,-0.83,-1.15,0.35,0.2605,-0.495,-0.87,0.455,-0.017,-0.735,-2.2725,0.435,0.28125
"19",2013,0.120410001603404,0.12033263632366,0.180016959145835,0.179988231761141,0.356608691153811,0.356536468142826,0.792849240570121,0.792738438629713,0.792587655175486,0.792063067240421,0.802879313325435,0.275749101387258,0.275682918969829,0.275535327973195,0.274738067112423,0.278996943485527,3.2438113145647,3.17134019201834,4.65281785672205,4.62714201827192,12.1020096744287,12.0846571726526,25.6369532410937,25.5781431704364,25.5438982943461,25.4548841274687,23.5042628430464,9.19385471839367,9.13404533437278,9.0950877821481,8.97852412117872,7.98991768719454,224.414703549665,224.446660716235,228.563190864127,228.568238076427,238.657103316059,238.689452496235,257.5770473376,257.76498340425,257.861323288881,258.154102334373,258.981040912899,249.004492451288,249.137640347128,249.220245058123,249.551449972305,252.000081852071,0.858457002771577,26.9134331678367,0.85312913612769,53.9887401001455,0.849812625522672,41.028442787183,0.18163199665349,16.0919359437754,0.0154658489813574,15.9684969504189,22.6633191507448,22.6059282173578,0.807879758699431,21.2420945301311,21.2208918750078,0.434886336525681,19.3918936029956,19.372018829698,0.114005685434257,12.6768817011714,12.5870378402397,12.5400897739338,12.3912323321782,12.2634595086427,0.243208072690745,19.8360968699182,19.7590859411822,19.7186620831153,19.5689653788662,19.3914908251399,0.189968494589288,-0.34,-1.48,0.44,0.083,-0.375,-1.18,0.4475,-0.0225,-0.32,-1.1,0.405,-0.107,-0.385,-0.795,0.35,-0.5015,-0.29,-1.3875,0.605,-0.213,0.149052911848755,0.149040472457674,0.199146422097243,0.199121806365916,0.401660841383243,0.401572050678875,0.829646255951855,0.82950136612208,0.829331681039257,0.828723641855469,0.833776318054475,0.301733468594913,0.301599551803746,0.301374240942629,0.300328897755506,0.304289866301753,4.12975139097503,4.09776904376009,5.32540020445035,5.30821739942831,11.8597247727637,11.8456879724324,25.9193914143207,25.8796917653289,25.8566305110643,25.7946740518223,24.4091136866859,10.4490479209488,10.3722683100989,10.3221438378244,10.1773619474876,8.86665848553388,222.964973050298,222.97034976737,227.102169314421,227.095974002354,237.686191516733,237.698652636575,257.960955831988,258.114908496818,258.182297044764,258.337887176585,258.555752506301,246.292993444148,246.44692100036,246.55108021008,246.986575674786,249.959619259633,0.859194662575072,35.4356017426947,0.883034290004326,63.0926707153237,0.867066079592092,54.9295756844746,0.212467065497358,19.0879935276017,0.00202061870240498,15.723176311433,22.5282447168251,22.4936892968798,0.772707133362871,21.2338708970504,21.2184588053317,0.431307726389694,19.2317546663769,19.2161300542417,0.0666765666765667,12.9971375298419,12.9441150525039,12.9229680121503,12.8643449668023,12.8132341484956,0.282452856033971,20.3318312824351,20.2491107601569,20.2041554531632,20.0303982604007,19.8154646156871,0.160483539564403,-0.59,-1.66,0.37,0.026,-0.66,-1.4675,0.375,-0.06925,-0.53,-1.335,0.39,-0.1225,-0.135,-1.875,0.525,-0.1845,0.315,-2.3025,0.7375,0.44025
"20",2014,0.150088547571669,0.150079922421696,0.200727839159502,0.200697857791244,0.377757541433722,0.377656302678675,0.996584049048692,0.99641158903464,0.996217209179824,0.995620176137936,1.00081982296673,0.293371231882276,0.293328141393876,0.293235278716593,0.292658825677445,0.296174565804831,3.63181959594611,3.61125036807005,4.94908243408815,4.9340474004765,11.1191392484682,11.109267861435,29.0628611123906,29.0198174982123,28.9960200784729,28.9466570620421,27.2911493512078,10.0001337742308,9.95992639906597,9.93418702749666,9.84187459249847,8.91995213134515,225.905126089318,225.898239320779,229.720266417193,229.711699241225,240.228242061522,240.236189479421,259.072458349104,259.24583698901,259.322909948511,259.51451680811,260.015192334118,250.78655122396,250.896199752724,250.964267899371,251.268079118117,253.374162809445,0.865007700600961,48.2441497373899,0.853816496925618,61.5218799199685,0.848247580100483,59.8344968281764,0.232837071820936,16.2940820357191,0.00329065667256763,16.9577769422379,22.0525420011781,22.0310027884445,0.727037251627416,20.9257041757198,20.9118195344107,0.439930472717358,18.9002458306004,18.8866308847764,0.0390343247486105,12.5734620712761,12.5029149101678,12.469582410489,12.3676128368928,12.2761064202046,0.215241313182046,19.1709117982406,19.1167746435276,19.089101338165,18.9810219118779,18.8397068882063,0.228174512579334,-0.27,0.3,0.2,-0.151,-0.2775,-0.0825,0.25,-0.09975,-0.115,0.33,0.2,-0.1045,0.185,0.495,0.245,-0.06,0.21,0.695,0.5975,-0.18475,0.120410001603404,0.12033263632366,0.180016959145835,0.179988231761141,0.356608691153811,0.356536468142826,0.792849240570121,0.792738438629713,0.792587655175486,0.792063067240421,0.802879313325435,0.275749101387258,0.275682918969829,0.275535327973195,0.274738067112423,0.278996943485527,3.2438113145647,3.17134019201834,4.65281785672205,4.62714201827192,12.1020096744287,12.0846571726526,25.6369532410937,25.5781431704364,25.5438982943461,25.4548841274687,23.5042628430464,9.19385471839367,9.13404533437278,9.0950877821481,8.97852412117872,7.98991768719454,224.414703549665,224.446660716235,228.563190864127,228.568238076427,238.657103316059,238.689452496235,257.5770473376,257.76498340425,257.861323288881,258.154102334373,258.981040912899,249.004492451288,249.137640347128,249.220245058123,249.551449972305,252.000081852071,0.858457002771577,26.9134331678367,0.85312913612769,53.9887401001455,0.849812625522672,41.028442787183,0.18163199665349,16.0919359437754,0.0154658489813574,15.9684969504189,22.6633191507448,22.6059282173578,0.807879758699431,21.2420945301311,21.2208918750078,0.434886336525681,19.3918936029956,19.372018829698,0.114005685434257,12.6768817011714,12.5870378402397,12.5400897739338,12.3912323321782,12.2634595086427,0.243208072690745,19.8360968699182,19.7590859411822,19.7186620831153,19.5689653788662,19.3914908251399,0.189968494589288,-0.34,-1.48,0.44,0.083,-0.375,-1.18,0.4475,-0.0225,-0.32,-1.1,0.405,-0.107,-0.385,-0.795,0.35,-0.5015,-0.29,-1.3875,0.605,-0.213
"21",2015,0.140919149794617,0.140890007484368,0.197339044360478,0.197280595696916,0.401360683951107,0.401280498746824,0.749522968486917,0.749505108642587,0.749464166399374,0.749454336925748,0.764353873410279,0.323901006592909,0.323801768498594,0.323634195387164,0.322941530742014,0.327002951434882,3.93267137851016,3.89029166483202,5.29036210175561,5.24630069526513,13.4345715099602,13.3833809475016,24.7788070835795,24.7292080740739,24.7035883606457,24.6512339332902,22.7272271583268,11.4595833862533,11.4108988836489,11.3779736851586,11.2846894921708,10.4782771251863,227.045845191953,227.061212660962,229.967956556508,229.988726212265,240.546904692324,240.630063919393,257.768078508459,257.969683555585,258.061597158535,258.288957356104,258.805694895736,252.075884597786,252.202034087544,252.284117231071,252.588346514486,254.033816578728,0.862922239649631,30.4393098939334,0.864781188643463,62.7964404520913,0.878917086824373,35.7696840242416,0.232771175501288,14.9757686033649,0.03736144914507,18.3193952886249,22.1241859012775,22.086960688548,0.76503868307147,20.9859618434839,20.9519178787645,0.435158992536042,19.5704631773052,19.5229557227298,0.139971997114854,13.0299811202402,12.9825127914525,12.9633623229603,12.9071702292663,12.8550004586746,0.212296242180722,18.9485470184056,18.8863432284431,18.856444146776,18.7562620902555,18.6491592618445,0.168394137254007,0.53,1.33,0.26,-0.241,0.5625,1.315,0.3175,-0.1735,0.615,1.115,0.275,-0.1245,1.055,0.57,0.405,0.268,1.99,1.05,0.575,0.39225,0.150088547571669,0.150079922421696,0.200727839159502,0.200697857791244,0.377757541433722,0.377656302678675,0.996584049048692,0.99641158903464,0.996217209179824,0.995620176137936,1.00081982296673,0.293371231882276,0.293328141393876,0.293235278716593,0.292658825677445,0.296174565804831,3.63181959594611,3.61125036807005,4.94908243408815,4.9340474004765,11.1191392484682,11.109267861435,29.0628611123906,29.0198174982123,28.9960200784729,28.9466570620421,27.2911493512078,10.0001337742308,9.95992639906597,9.93418702749666,9.84187459249847,8.91995213134515,225.905126089318,225.898239320779,229.720266417193,229.711699241225,240.228242061522,240.236189479421,259.072458349104,259.24583698901,259.322909948511,259.51451680811,260.015192334118,250.78655122396,250.896199752724,250.964267899371,251.268079118117,253.374162809445,0.865007700600961,48.2441497373899,0.853816496925618,61.5218799199685,0.848247580100483,59.8344968281764,0.232837071820936,16.2940820357191,0.00329065667256763,16.9577769422379,22.0525420011781,22.0310027884445,0.727037251627416,20.9257041757198,20.9118195344107,0.439930472717358,18.9002458306004,18.8866308847764,0.0390343247486105,12.5734620712761,12.5029149101678,12.469582410489,12.3676128368928,12.2761064202046,0.215241313182046,19.1709117982406,19.1167746435276,19.089101338165,18.9810219118779,18.8397068882063,0.228174512579334,-0.27,0.3,0.2,-0.151,-0.2775,-0.0825,0.25,-0.09975,-0.115,0.33,0.2,-0.1045,0.185,0.495,0.245,-0.06,0.21,0.695,0.5975,-0.18475
"22",2016,0.142159348758666,0.142155044195092,0.166108825114544,0.16608065058012,0.333304626608132,0.33320242539665,0.84817789507787,0.848121575045688,0.848067598776553,0.847940192027868,0.849796742863901,0.302031672725771,0.301996384548848,0.301914902574207,0.301389512860887,0.30454996457787,3.68615800515148,3.6617493681462,4.30079084982408,4.27361074969926,10.333812672675,10.3141104627436,25.2024063125986,25.183874133413,25.1789376367171,25.1769028188287,24.392207747414,10.7073678594736,10.669822940143,10.6455403347099,10.5601947039469,9.74346294104165,221.27049076201,221.268890042377,224.765828553194,224.767433957425,235.799472095863,235.823896673341,258.72422927511,258.893891184894,258.961200347829,259.102794805046,259.41300454538,246.458605562107,246.556701853449,246.616757343139,246.886388673512,248.570098103781,0.903832042033511,44.251731638354,0.916249046673295,54.8586617299622,0.892322708360401,49.7703520650043,0.235003869407069,17.7717186245308,0.0527591884094912,18.3060720256514,23.1698969656749,23.151083117519,0.857980300603251,22.2288835346551,22.2087299531641,0.372729286663713,20.0386126949584,20.0239543403744,0.211612711612712,12.325731481367,12.2850163980443,12.2684210566051,12.2193517748309,12.1739350824871,0.204922149673531,19.8440825219389,19.7932755872205,19.7655274522173,19.6545607054383,19.5215733010642,0.187171818638418,1.58,1.56,0.61,-0.009,1.785,1.335,0.625,0.07325,1.26,1.65,0.57,0.0685,0.16,1.235,0.645,-0.278,-0.555,-0.3225,0.7525,-0.50275,0.140919149794617,0.140890007484368,0.197339044360478,0.197280595696916,0.401360683951107,0.401280498746824,0.749522968486917,0.749505108642587,0.749464166399374,0.749454336925748,0.764353873410279,0.323901006592909,0.323801768498594,0.323634195387164,0.322941530742014,0.327002951434882,3.93267137851016,3.89029166483202,5.29036210175561,5.24630069526513,13.4345715099602,13.3833809475016,24.7788070835795,24.7292080740739,24.7035883606457,24.6512339332902,22.7272271583268,11.4595833862533,11.4108988836489,11.3779736851586,11.2846894921708,10.4782771251863,227.045845191953,227.061212660962,229.967956556508,229.988726212265,240.546904692324,240.630063919393,257.768078508459,257.969683555585,258.061597158535,258.288957356104,258.805694895736,252.075884597786,252.202034087544,252.284117231071,252.588346514486,254.033816578728,0.862922239649631,30.4393098939334,0.864781188643463,62.7964404520913,0.878917086824373,35.7696840242416,0.232771175501288,14.9757686033649,0.03736144914507,18.3193952886249,22.1241859012775,22.086960688548,0.76503868307147,20.9859618434839,20.9519178787645,0.435158992536042,19.5704631773052,19.5229557227298,0.139971997114854,13.0299811202402,12.9825127914525,12.9633623229603,12.9071702292663,12.8550004586746,0.212296242180722,18.9485470184056,18.8863432284431,18.856444146776,18.7562620902555,18.6491592618445,0.168394137254007,0.53,1.33,0.26,-0.241,0.5625,1.315,0.3175,-0.1735,0.615,1.115,0.275,-0.1245,1.055,0.57,0.405,0.268,1.99,1.05,0.575,0.39225
"23",2017,0.174261462748826,0.174254978434269,0.212772389089083,0.212743806142577,0.475933334771667,0.475819886369443,0.896379368308463,0.896327606275108,0.896237736261049,0.895943894784586,0.910048216145128,0.28307481030612,0.283077258744378,0.28306839811642,0.282973068073703,0.286225874960548,4.45399050579837,4.43736817866467,5.53351427832962,5.51407389139056,13.2529872150611,13.2369057012309,27.0310298222103,26.9943898552382,26.9719866703117,26.9076872776487,24.5129493514976,9.45485663687893,9.42725384806852,9.41248192825071,9.36729213959592,8.61966368249561,225.041952354885,225.033106197164,228.472379871178,228.471198896867,238.616734409964,238.631313220116,260.054536377239,260.248820457488,260.336488758001,260.565023900195,261.149215126484,249.569680404853,249.665487142564,249.714023673469,249.884768422066,251.331840871403,0.881144532804572,46.4635929388459,0.883041719652703,71.2019970882782,0.833478132151751,77.5998611814913,0.198277934941004,14.3243168368517,0.0267051652600737,17.3627593562075,22.3285153971233,22.3143843588202,0.769980573259262,21.3305802349053,21.3110976840688,0.405516171909615,19.0334670746485,19.0142587208954,0.0866604438033009,12.4655944003304,12.4089692478587,12.3850560023397,12.3093144602153,12.2327290069628,0.216063193461486,19.2843654475066,19.2288525895665,19.2005684653158,19.0899580915644,18.9469590331032,0.190368019725127,0.05,0.1,0.57,0.357,-0.0625,0.15,0.6725,0.21775,0.125,0.33,0.63,0.428,0.305,0.4,0.645,0.48,-0.25,-0.485,0.7875,0.22975,0.142159348758666,0.142155044195092,0.166108825114544,0.16608065058012,0.333304626608132,0.33320242539665,0.84817789507787,0.848121575045688,0.848067598776553,0.847940192027868,0.849796742863901,0.302031672725771,0.301996384548848,0.301914902574207,0.301389512860887,0.30454996457787,3.68615800515148,3.6617493681462,4.30079084982408,4.27361074969926,10.333812672675,10.3141104627436,25.2024063125986,25.183874133413,25.1789376367171,25.1769028188287,24.392207747414,10.7073678594736,10.669822940143,10.6455403347099,10.5601947039469,9.74346294104165,221.27049076201,221.268890042377,224.765828553194,224.767433957425,235.799472095863,235.823896673341,258.72422927511,258.893891184894,258.961200347829,259.102794805046,259.41300454538,246.458605562107,246.556701853449,246.616757343139,246.886388673512,248.570098103781,0.903832042033511,44.251731638354,0.916249046673295,54.8586617299622,0.892322708360401,49.7703520650043,0.235003869407069,17.7717186245308,0.0527591884094912,18.3060720256514,23.1698969656749,23.151083117519,0.857980300603251,22.2288835346551,22.2087299531641,0.372729286663713,20.0386126949584,20.0239543403744,0.211612711612712,12.325731481367,12.2850163980443,12.2684210566051,12.2193517748309,12.1739350824871,0.204922149673531,19.8440825219389,19.7932755872205,19.7655274522173,19.6545607054383,19.5215733010642,0.187171818638418,1.58,1.56,0.61,-0.009,1.785,1.335,0.625,0.07325,1.26,1.65,0.57,0.0685,0.16,1.235,0.645,-0.278,-0.555,-0.3225,0.7525,-0.50275
"24",2018,0.134486891224615,0.134491133767229,0.182688493889814,0.182662104338262,0.343485322647959,0.343427678677058,0.657143483099809,0.657149551571532,0.6571381201591,0.657148076472898,0.663735017639924,0.268938800976998,0.268907189172111,0.268842454267767,0.268471767495757,0.269931804907859,3.75682047008587,3.7283759680735,4.70170518927468,4.67173821999367,12.2140017012278,12.1849848047732,21.7690811179561,21.7288345233432,21.711712030486,21.6769352512002,20.6129869034661,9.00286320073949,8.95742647304679,8.93178562740011,8.86126280116668,8.18079208329105,223.203052352639,223.21186519466,226.871945484684,226.876728016115,236.056435094501,236.096492756106,254.978719671102,255.157915441437,255.241300447391,255.465297267178,256.110701293707,249.510136260835,249.615141967607,249.675681777931,249.886861324547,251.006063854523,0.883148764320585,36.3637071180139,0.878776269322147,54.2156577478084,0.874536642164718,36.9425305195256,0.279945104124649,14.5326890809454,0.076069480347905,16.6236954166909,23.0505393883265,23.0280886583766,0.739954330118265,21.7606543015303,21.7365805306958,0.441200027265601,20.0503354280836,20.0179226691994,0.208557851414994,13.5003543378741,13.4558689610229,13.436718927295,13.3787707031701,13.3263435018932,0.220697685037213,19.9123449627243,19.8524955055526,19.8245200389376,19.7282850494751,19.6201708085932,0.150757956257705,-0.7,-0.72,0.41,-0.12,-0.7425,-0.3125,0.485,-0.047,-0.6,-0.77,0.39,-0.1015,-0.115,-0.56,0.29,0.1385,0.3925,-0.2925,0.525,0.366,0.174261462748826,0.174254978434269,0.212772389089083,0.212743806142577,0.475933334771667,0.475819886369443,0.896379368308463,0.896327606275108,0.896237736261049,0.895943894784586,0.910048216145128,0.28307481030612,0.283077258744378,0.28306839811642,0.282973068073703,0.286225874960548,4.45399050579837,4.43736817866467,5.53351427832962,5.51407389139056,13.2529872150611,13.2369057012309,27.0310298222103,26.9943898552382,26.9719866703117,26.9076872776487,24.5129493514976,9.45485663687893,9.42725384806852,9.41248192825071,9.36729213959592,8.61966368249561,225.041952354885,225.033106197164,228.472379871178,228.471198896867,238.616734409964,238.631313220116,260.054536377239,260.248820457488,260.336488758001,260.565023900195,261.149215126484,249.569680404853,249.665487142564,249.714023673469,249.884768422066,251.331840871403,0.881144532804572,46.4635929388459,0.883041719652703,71.2019970882782,0.833478132151751,77.5998611814913,0.198277934941004,14.3243168368517,0.0267051652600737,17.3627593562075,22.3285153971233,22.3143843588202,0.769980573259262,21.3305802349053,21.3110976840688,0.405516171909615,19.0334670746485,19.0142587208954,0.0866604438033009,12.4655944003304,12.4089692478587,12.3850560023397,12.3093144602153,12.2327290069628,0.216063193461486,19.2843654475066,19.2288525895665,19.2005684653158,19.0899580915644,18.9469590331032,0.190368019725127,0.05,0.1,0.57,0.357,-0.0625,0.15,0.6725,0.21775,0.125,0.33,0.63,0.428,0.305,0.4,0.645,0.48,-0.25,-0.485,0.7875,0.22975
"25",2019,0.110049145911589,0.11003470562643,0.170513318209223,0.170500775586777,0.401364991490711,0.401319176544565,0.839250413388316,0.839250352224924,0.839267110610548,0.839707391742242,0.849152409627882,0.284625327152603,0.284488159485839,0.284269101151589,0.283694152709631,0.286251317848481,2.53470843600225,2.49002094710942,4.4901936359503,4.46219928292693,12.7640653607916,12.7335571090775,26.0289332753136,25.9207673526946,25.881039249441,25.8296905092482,24.1281491290025,9.73296112475026,9.65115460547652,9.60051648850265,9.4963244855093,8.75829562553706,221.323846351603,221.335924010346,226.146474529674,226.151038402568,236.436983081854,236.452323197792,260.624677415382,260.805823082667,260.92150843767,261.225583269296,261.913341983792,250.807549280962,250.94125371517,251.05162701936,251.383776610252,252.375459313807,0.933062988476409,29.977147774924,0.910449666509946,53.9074547499602,0.881730389420054,50.1937207102836,0.266182475335142,17.7642624445422,0.0505199499498961,18.3974393067801,23.4607115005941,23.4257464071847,0.774683889437988,21.9462270251468,21.9272670825904,0.42079342899015,19.8925840846201,19.875759932932,0.218443718443718,13.1426165847249,13.0848997555868,13.0605029851771,12.9864359715517,12.914214131449,0.211177571800374,19.6706722878829,19.6089990693348,19.5794903559265,19.4807610729824,19.3779406320277,0.205527144879229,0.71,-0.4,0.45,0.224,0.71,-0.3425,0.45,0.32125,0.685,-0.155,0.42,0.241,0.495,0.1,0.475,0.572,0.24,-0.055,0.6875,0.7225,0.134486891224615,0.134491133767229,0.182688493889814,0.182662104338262,0.343485322647959,0.343427678677058,0.657143483099809,0.657149551571532,0.6571381201591,0.657148076472898,0.663735017639924,0.268938800976998,0.268907189172111,0.268842454267767,0.268471767495757,0.269931804907859,3.75682047008587,3.7283759680735,4.70170518927468,4.67173821999367,12.2140017012278,12.1849848047732,21.7690811179561,21.7288345233432,21.711712030486,21.6769352512002,20.6129869034661,9.00286320073949,8.95742647304679,8.93178562740011,8.86126280116668,8.18079208329105,223.203052352639,223.21186519466,226.871945484684,226.876728016115,236.056435094501,236.096492756106,254.978719671102,255.157915441437,255.241300447391,255.465297267178,256.110701293707,249.510136260835,249.615141967607,249.675681777931,249.886861324547,251.006063854523,0.883148764320585,36.3637071180139,0.878776269322147,54.2156577478084,0.874536642164718,36.9425305195256,0.279945104124649,14.5326890809454,0.076069480347905,16.6236954166909,23.0505393883265,23.0280886583766,0.739954330118265,21.7606543015303,21.7365805306958,0.441200027265601,20.0503354280836,20.0179226691994,0.208557851414994,13.5003543378741,13.4558689610229,13.436718927295,13.3787707031701,13.3263435018932,0.220697685037213,19.9123449627243,19.8524955055526,19.8245200389376,19.7282850494751,19.6201708085932,0.150757956257705,-0.7,-0.72,0.41,-0.12,-0.7425,-0.3125,0.485,-0.047,-0.6,-0.77,0.39,-0.1015,-0.115,-0.56,0.29,0.1385,0.3925,-0.2925,0.525,0.366
"26",2020,0.119061010730219,0.119043632901057,0.168763505564868,0.168745171429115,0.312546168578716,0.31251193723224,0.735509377423671,0.735505466153852,0.735519560104837,0.736006018731112,0.744171867395732,0.265352385889385,0.265229490309421,0.265036750421987,0.264521946535588,0.267394265717,3.14174583625667,3.09157022706893,4.50833571041143,4.47102721251439,10.8175087238308,10.7702278656511,23.9247110849428,23.8122362604744,23.7722319716313,23.7311950661446,22.6598883977074,9.20115229612521,9.11127887159897,9.05826499032933,8.94601965859584,8.06185614423881,221.616598138863,221.62247202799,225.321727206601,225.328773844916,236.099108858087,236.134330291973,254.585171749404,254.750696490464,254.849070362148,255.10129545928,255.645333944495,249.314151511877,249.477576201316,249.618529276651,250.074332715265,251.628899950917,0.935494306451026,34.5828538616623,0.944689405194597,52.3613557693697,0.904669975075837,44.9934563025819,0.309937313708862,17.3591755797477,0.0309174203991748,15.9072608078243,23.2316258941748,23.2006276931335,0.86329709280529,22.1393053361041,22.1167629414046,0.397131999591016,20.2179410296048,20.1895972038971,0.271373414230557,13.4718587091076,13.4083698642936,13.3831542653169,13.3120965570387,13.2465506746695,0.170426007944843,20.3464206209699,20.2761220447635,20.2427160782634,20.1195141585232,19.9649685186501,0.181726861787133,0.4,-1.75,0.83,0.019,0.3925,-1.49,0.815,0.05875,0.295,-1.535,0.845,0.004,-0.19,-0.64,0.68,0.376,-0.76,-0.9775,0.79,0.00525,0.110049145911589,0.11003470562643,0.170513318209223,0.170500775586777,0.401364991490711,0.401319176544565,0.839250413388316,0.839250352224924,0.839267110610548,0.839707391742242,0.849152409627882,0.284625327152603,0.284488159485839,0.284269101151589,0.283694152709631,0.286251317848481,2.53470843600225,2.49002094710942,4.4901936359503,4.46219928292693,12.7640653607916,12.7335571090775,26.0289332753136,25.9207673526946,25.881039249441,25.8296905092482,24.1281491290025,9.73296112475026,9.65115460547652,9.60051648850265,9.4963244855093,8.75829562553706,221.323846351603,221.335924010346,226.146474529674,226.151038402568,236.436983081854,236.452323197792,260.624677415382,260.805823082667,260.92150843767,261.225583269296,261.913341983792,250.807549280962,250.94125371517,251.05162701936,251.383776610252,252.375459313807,0.933062988476409,29.977147774924,0.910449666509946,53.9074547499602,0.881730389420054,50.1937207102836,0.266182475335142,17.7642624445422,0.0505199499498961,18.3974393067801,23.4607115005941,23.4257464071847,0.774683889437988,21.9462270251468,21.9272670825904,0.42079342899015,19.8925840846201,19.875759932932,0.218443718443718,13.1426165847249,13.0848997555868,13.0605029851771,12.9864359715517,12.914214131449,0.211177571800374,19.6706722878829,19.6089990693348,19.5794903559265,19.4807610729824,19.3779406320277,0.205527144879229,0.71,-0.4,0.45,0.224,0.71,-0.3425,0.45,0.32125,0.685,-0.155,0.42,0.241,0.495,0.1,0.475,0.572,0.24,-0.055,0.6875,0.7225
"27",2021,0.113928024336162,0.113885784318411,0.176236704748848,0.176217902805992,0.282714557559164,0.282691620484219,0.799621061694566,0.799569168732233,0.799506257640766,0.799417321299036,0.801918868530923,0.302062245738178,0.301739191101615,0.301329506761027,0.300514622474384,0.305603867038618,2.97699909786154,2.9030139923748,4.48614115727896,4.4577444739534,9.55302241339874,9.52007126811456,25.3976005571694,25.2970122367865,25.2622507724047,25.2193855625126,24.2677322971365,10.7696431137943,10.6324087818552,10.5484934818135,10.3950273330923,9.6189946587916,220.858539029572,220.880564430415,224.241985057029,224.243266883315,235.288173692379,235.307321723899,256.984000647468,257.141880371904,257.233134732034,257.457636860737,257.965245773232,251.60273941654,251.909907254306,252.196564179301,253.025312348852,255.058132455885,0.839600062009897,28.7691603760082,0.874217225290677,52.9014046619208,0.853137944284931,45.3906879679218,0.312808038235786,23.8680371944482,0.00363531523563981,22.8018695162439,23.3694117765265,23.3482743672194,0.78702157390682,22.1611583015013,22.1576042123284,0.432994785453802,20.2012320478527,20.1946112793759,0.282362425219568,13.4979069441302,13.4744927522706,13.4590778059788,13.3994591737152,13.3372167177513,0.215218483174284,19.6526508190214,19.6170128217207,19.5864965276769,19.4394378951356,19.2752822732322,0.193004885621661,-0.84,-1.68,0.47,0.266,-0.87,-1.305,0.57,0.2025,-0.75,-1.76,0.54,0.258,-0.43,-1.91,0.585,0.0035,-0.5925,-1.9975,0.7775,-0.119,0.119061010730219,0.119043632901057,0.168763505564868,0.168745171429115,0.312546168578716,0.31251193723224,0.735509377423671,0.735505466153852,0.735519560104837,0.736006018731112,0.744171867395732,0.265352385889385,0.265229490309421,0.265036750421987,0.264521946535588,0.267394265717,3.14174583625667,3.09157022706893,4.50833571041143,4.47102721251439,10.8175087238308,10.7702278656511,23.9247110849428,23.8122362604744,23.7722319716313,23.7311950661446,22.6598883977074,9.20115229612521,9.11127887159897,9.05826499032933,8.94601965859584,8.06185614423881,221.616598138863,221.62247202799,225.321727206601,225.328773844916,236.099108858087,236.134330291973,254.585171749404,254.750696490464,254.849070362148,255.10129545928,255.645333944495,249.314151511877,249.477576201316,249.618529276651,250.074332715265,251.628899950917,0.935494306451026,34.5828538616623,0.944689405194597,52.3613557693697,0.904669975075837,44.9934563025819,0.309937313708862,17.3591755797477,0.0309174203991748,15.9072608078243,23.2316258941748,23.2006276931335,0.86329709280529,22.1393053361041,22.1167629414046,0.397131999591016,20.2179410296048,20.1895972038971,0.271373414230557,13.4718587091076,13.4083698642936,13.3831542653169,13.3120965570387,13.2465506746695,0.170426007944843,20.3464206209699,20.2761220447635,20.2427160782634,20.1195141585232,19.9649685186501,0.181726861787133,0.4,-1.75,0.83,0.019,0.3925,-1.49,0.815,0.05875,0.295,-1.535,0.845,0.004,-0.19,-0.64,0.68,0.376,-0.76,-0.9775,0.79,0.00525
"28",2022,0.147782529388323,0.147739160935957,0.207631709602273,0.207570471581875,0.369397618360351,0.369320633888349,0.748928531178453,0.748894922883133,0.748863939192963,0.748974976876487,0.754230533141256,0.258687221120823,0.258509326340345,0.258262045043939,0.257776335094603,0.263057315507436,4.4431965171903,4.37750054674189,5.54308987214513,5.48538596172153,12.6621855077957,12.5692889985188,23.5344660075543,23.4357949187288,23.3942357425481,23.3249411743009,21.9544950553349,8.82701215792727,8.7129561503062,8.64463741964093,8.51228430437112,7.56821957489654,225.42052037065,225.448402172361,228.527356788344,228.553748089334,239.546923024765,239.626315781437,261.152072379405,261.31872681879,261.427526844748,261.716045710186,262.372321165325,246.459921158906,246.636572417606,246.793526144923,247.307896894066,249.248489002772,0.835580404812689,28.5133350692752,0.834307801458511,57.1165924262422,0.788657447052654,34.3859397482449,0.243305977551805,25.2215705142053,0.0116048004217767,19.1531289099587,22.5174307018186,22.5023446574712,0.789407313997478,21.3177517696353,21.3070460412029,0.44225656930575,19.6629894714219,19.6450628651495,0.20274513131656,13.3838646777509,13.3652279748802,13.3520479408836,13.3009223166484,13.2514149969797,0.263549609606867,20.9193198625794,20.8904484124234,20.870057620946,20.7778581087189,20.6543811865851,0.197958997306059,-0.99,-1.67,0.53,-0.093,-0.9875,-2.02,0.655,-0.075,-1.025,-1.885,0.495,-0.0805,-0.92,-1.79,0.605,-0.2285,-0.93,-2.28,0.8375,-0.3635,0.113928024336162,0.113885784318411,0.176236704748848,0.176217902805992,0.282714557559164,0.282691620484219,0.799621061694566,0.799569168732233,0.799506257640766,0.799417321299036,0.801918868530923,0.302062245738178,0.301739191101615,0.301329506761027,0.300514622474384,0.305603867038618,2.97699909786154,2.9030139923748,4.48614115727896,4.4577444739534,9.55302241339874,9.52007126811456,25.3976005571694,25.2970122367865,25.2622507724047,25.2193855625126,24.2677322971365,10.7696431137943,10.6324087818552,10.5484934818135,10.3950273330923,9.6189946587916,220.858539029572,220.880564430415,224.241985057029,224.243266883315,235.288173692379,235.307321723899,256.984000647468,257.141880371904,257.233134732034,257.457636860737,257.965245773232,251.60273941654,251.909907254306,252.196564179301,253.025312348852,255.058132455885,0.839600062009897,28.7691603760082,0.874217225290677,52.9014046619208,0.853137944284931,45.3906879679218,0.312808038235786,23.8680371944482,0.00363531523563981,22.8018695162439,23.3694117765265,23.3482743672194,0.78702157390682,22.1611583015013,22.1576042123284,0.432994785453802,20.2012320478527,20.1946112793759,0.282362425219568,13.4979069441302,13.4744927522706,13.4590778059788,13.3994591737152,13.3372167177513,0.215218483174284,19.6526508190214,19.6170128217207,19.5864965276769,19.4394378951356,19.2752822732322,0.193004885621661,-0.84,-1.68,0.47,0.266,-0.87,-1.305,0.57,0.2025,-0.75,-1.76,0.54,0.258,-0.43,-1.91,0.585,0.0035,-0.5925,-1.9975,0.7775,-0.119
